{
  "raw_runs": {
    "TI2V": {
      "dynamic_degree": 0.39481268011527376,
      "aesthetic_quality": 0.6299349957653013,
      "background_consistency": 0.9651325735189271,
      "imaging_quality": 0.7117891600089564,
      "motion_smoothness": 0.9903866674221691,
      "overall_consistency": 0.26005460171603334,
      "subject_consistency": 0.9629715323494703,
      "temporal_flickering": 0.9803927988236641,
      "temporal_style": 0.26005460171603334
    },
    "T2V": {
      "aesthetic_quality": 0.6077401226638717,
      "background_consistency": 0.9728198664332673,
      "dynamic_degree": 0.3227665706051873,
      "imaging_quality": 0.7291379826246094,
      "motion_smoothness": 0.9896473861948535,
      "overall_consistency": 0.2649470645859193,
      "subject_consistency": 0.9710936360769725,
      "temporal_flickering": 0.9805439896770856,
      "temporal_style": 0.2649470645859193
    },
    "T2V_contra": {
      "aesthetic_quality": 0.6076938819988317,
      "background_consistency": 0.973522351179755,
      "dynamic_degree": 0.31412103746397696,
      "imaging_quality": 0.7285908426282113,
      "motion_smoothness": 0.9896297893605897,
      "overall_consistency": 0.26461490799782944,
      "subject_consistency": 0.9749756738321639,
      "temporal_flickering": 0.9806914620382685,
      "temporal_style": 0.26461490799782944
    },
    "TI2V_contra": {
      "dynamic_degree": 0.42939481268011526,
      "aesthetic_quality": 0.6262618260356122,
      "background_consistency": 0.9619504901105458,
      "imaging_quality": 0.7116657138070103,
      "motion_smoothness": 0.9902240904287926,
      "overall_consistency": 0.2292857182021615,
      "subject_consistency": 0.9592866823012788,
      "temporal_flickering": 0.9796022902893982,
      "temporal_style": 0.2292857182021615
    }
  },
  "normalized_runs": {
    "TI2V": {
      "dynamic_degree": 0.39481268011527376,
      "aesthetic_quality": 0.6299349957653013,
      "background_consistency": 0.9527861523614449,
      "imaging_quality": 0.7117891600089564,
      "motion_smoothness": 0.9755974868685043,
      "overall_consistency": 0.7144357190000916,
      "subject_consistency": 0.9566309819038069,
      "temporal_flickering": 0.9471076310322745,
      "temporal_style": 0.7144357190000916
    },
    "T2V": {
      "aesthetic_quality": 0.6077401226638717,
      "background_consistency": 0.9631954860301523,
      "dynamic_degree": 0.3227665706051873,
      "imaging_quality": 0.7291379826246094,
      "motion_smoothness": 0.9730613591590169,
      "overall_consistency": 0.727876551060218,
      "subject_consistency": 0.9661438698488786,
      "temporal_flickering": 0.9475154833479513,
      "temporal_style": 0.727876551060218
    },
    "T2V_contra": {
      "aesthetic_quality": 0.6076938819988317,
      "background_consistency": 0.9641467179143602,
      "dynamic_degree": 0.31412103746397696,
      "imaging_quality": 0.7285908426282113,
      "motion_smoothness": 0.9730009926606847,
      "overall_consistency": 0.7269640329610699,
      "subject_consistency": 0.9706906463248581,
      "temporal_flickering": 0.9479133046621756,
      "temporal_style": 0.7269640329610699
    },
    "TI2V_contra": {
      "dynamic_degree": 0.42939481268011526,
      "aesthetic_quality": 0.6262618260356122,
      "background_consistency": 0.9484773054983694,
      "imaging_quality": 0.7116657138070103,
      "motion_smoothness": 0.975039761333765,
      "overall_consistency": 0.6299058192367074,
      "subject_consistency": 0.9523151584695231,
      "temporal_flickering": 0.9449751558926306,
      "temporal_style": 0.6299058192367074
    }
  },
  "dimensions_union": [
    "aesthetic_quality",
    "background_consistency",
    "dynamic_degree",
    "imaging_quality",
    "motion_smoothness",
    "overall_consistency",
    "subject_consistency",
    "temporal_flickering",
    "temporal_style"
  ],
  "dimensions_intersection": [
    "aesthetic_quality",
    "background_consistency",
    "dynamic_degree",
    "imaging_quality",
    "motion_smoothness",
    "overall_consistency",
    "subject_consistency",
    "temporal_flickering",
    "temporal_style"
  ],
  "used_minmax": {
    "aesthetic_quality": {
      "min": 0.0,
      "max": 1.0
    },
    "background_consistency": {
      "min": 0.2615,
      "max": 1.0
    },
    "dynamic_degree": {
      "min": 0.0,
      "max": 1.0
    },
    "imaging_quality": {
      "min": 0.0,
      "max": 1.0
    },
    "motion_smoothness": {
      "min": 0.706,
      "max": 0.9975
    },
    "overall_consistency": {
      "min": 0.0,
      "max": 0.364
    },
    "subject_consistency": {
      "min": 0.1462,
      "max": 1.0
    },
    "temporal_flickering": {
      "min": 0.6293,
      "max": 1.0
    },
    "temporal_style": {
      "min": 0.0,
      "max": 0.364
    }
  },
  "normalization_source": "constants"
}