{
  "raw_runs": {
    "TI2V": {
      "dynamic_degree": 0.39481268011527376,
      "aesthetic_quality": 0.6299349957653013,
      "background_consistency": 0.9651325735189271,
      "imaging_quality": 0.7117891600089564,
      "motion_smoothness": 0.9903866674221691,
      "overall_consistency": 0.26005460171603334,
      "subject_consistency": 0.9629715323494703,
      "temporal_flickering": 0.9803927988236641,
      "temporal_style": 0.26005460171603334
    },
    "T2V": {
      "aesthetic_quality": 0.6077401226638717,
      "background_consistency": 0.9728198664332673,
      "dynamic_degree": 0.3227665706051873,
      "imaging_quality": 0.7291379826246094,
      "motion_smoothness": 0.9896473861948535,
      "overall_consistency": 0.2649470645859193,
      "subject_consistency": 0.9710936360769725,
      "temporal_flickering": 0.9805439896770856,
      "temporal_style": 0.2649470645859193
    },
    "T2V_aug": {
      "dynamic_degree": 0.5187319884726225,
      "aesthetic_quality": 0.587662258048566,
      "background_consistency": 0.9631222537111251,
      "imaging_quality": 0.7063324161744134,
      "motion_smoothness": 0.98736698171245,
      "overall_consistency": 0.25473023590333865,
      "subject_consistency": 0.955446493758853,
      "temporal_flickering": 0.9744581571610531,
      "temporal_style": 0.25473023590333865
    },
    "TI2V_aug": {
      "dynamic_degree": 0.5878962536023055,
      "aesthetic_quality": 0.6083810631754762,
      "background_consistency": 0.9446172708736716,
      "imaging_quality": 0.6980405132073285,
      "motion_smoothness": 0.9860436533111975,
      "overall_consistency": 0.2474195786700812,
      "subject_consistency": 0.9283479875399943,
      "temporal_flickering": 0.9700568172613995,
      "temporal_style": 0.2474195786700812
    }
  },
  "normalized_runs": {
    "TI2V": {
      "dynamic_degree": 0.39481268011527376,
      "aesthetic_quality": 0.6299349957653013,
      "background_consistency": 0.9527861523614449,
      "imaging_quality": 0.7117891600089564,
      "motion_smoothness": 0.9755974868685043,
      "overall_consistency": 0.7144357190000916,
      "subject_consistency": 0.9566309819038069,
      "temporal_flickering": 0.9471076310322745,
      "temporal_style": 0.7144357190000916
    },
    "T2V": {
      "aesthetic_quality": 0.6077401226638717,
      "background_consistency": 0.9631954860301523,
      "dynamic_degree": 0.3227665706051873,
      "imaging_quality": 0.7291379826246094,
      "motion_smoothness": 0.9730613591590169,
      "overall_consistency": 0.727876551060218,
      "subject_consistency": 0.9661438698488786,
      "temporal_flickering": 0.9475154833479513,
      "temporal_style": 0.727876551060218
    },
    "T2V_aug": {
      "dynamic_degree": 0.5187319884726225,
      "aesthetic_quality": 0.587662258048566,
      "background_consistency": 0.9500639860678745,
      "imaging_quality": 0.7063324161744134,
      "motion_smoothness": 0.9652383592193822,
      "overall_consistency": 0.6998083403937875,
      "subject_consistency": 0.9478173972345433,
      "temporal_flickering": 0.9310983468061859,
      "temporal_style": 0.6998083403937875
    },
    "TI2V_aug": {
      "dynamic_degree": 0.5878962536023055,
      "aesthetic_quality": 0.6083810631754762,
      "background_consistency": 0.9250064602216272,
      "imaging_quality": 0.6980405132073285,
      "motion_smoothness": 0.9606986391464749,
      "overall_consistency": 0.6797241172254979,
      "subject_consistency": 0.9160786923635444,
      "temporal_flickering": 0.9192252960922564,
      "temporal_style": 0.6797241172254979
    }
  },
  "dimensions_union": [
    "aesthetic_quality",
    "background_consistency",
    "dynamic_degree",
    "imaging_quality",
    "motion_smoothness",
    "overall_consistency",
    "subject_consistency",
    "temporal_flickering",
    "temporal_style"
  ],
  "dimensions_intersection": [
    "aesthetic_quality",
    "background_consistency",
    "dynamic_degree",
    "imaging_quality",
    "motion_smoothness",
    "overall_consistency",
    "subject_consistency",
    "temporal_flickering",
    "temporal_style"
  ],
  "used_minmax": {
    "aesthetic_quality": {
      "min": 0.0,
      "max": 1.0
    },
    "background_consistency": {
      "min": 0.2615,
      "max": 1.0
    },
    "dynamic_degree": {
      "min": 0.0,
      "max": 1.0
    },
    "imaging_quality": {
      "min": 0.0,
      "max": 1.0
    },
    "motion_smoothness": {
      "min": 0.706,
      "max": 0.9975
    },
    "overall_consistency": {
      "min": 0.0,
      "max": 0.364
    },
    "subject_consistency": {
      "min": 0.1462,
      "max": 1.0
    },
    "temporal_flickering": {
      "min": 0.6293,
      "max": 1.0
    },
    "temporal_style": {
      "min": 0.0,
      "max": 0.364
    }
  },
  "normalization_source": "constants"
}