{
  "raw_runs": {
    "TI2V": {
      "subject_consistency": 0.9630995813012839,
      "background_consistency": 0.965769279839097,
      "temporal_flickering": 0.9816323991796084,
      "motion_smoothness": 0.9911250656760845,
      "dynamic_degree": 0.3746397694524496,
      "aesthetic_quality": 0.6159107693677677,
      "imaging_quality": 0.7055697962895191,
      "temporal_style": 0.25442325167078794,
      "overall_consistency": 0.25442325167078794
    },
    "T2V": {
      "subject_consistency": 0.97109351390928,
      "background_consistency": 0.9728198664332673,
      "temporal_flickering": 0.9805439896770856,
      "motion_smoothness": 0.9896473864927825,
      "dynamic_degree": 0.3227665706051873,
      "aesthetic_quality": 0.6077401226638717,
      "imaging_quality": 0.7291378285444382,
      "temporal_style": 0.26343548272116385,
      "overall_consistency": 0.26343548272116385
    },
    "I2V": {
      "subject_consistency": 0.9441657070177862,
      "background_consistency": 0.9527783484555116,
      "temporal_flickering": 0.977910402667767,
      "motion_smoothness": 0.989626644891927,
      "dynamic_degree": 0.521613832853026,
      "aesthetic_quality": 0.6011860076907045,
      "imaging_quality": 0.7058929881581204,
      "temporal_style": 0.2432430434853955,
      "overall_consistency": 0.2432430434853955
    }
  },
  "normalized_runs": {
    "TI2V": {
      "subject_consistency": 0.9567809572514452,
      "background_consistency": 0.9536483139324267,
      "temporal_flickering": 0.9504515758824074,
      "motion_smoothness": 0.9781305855097236,
      "dynamic_degree": 0.3746397694524496,
      "aesthetic_quality": 0.6159107693677677,
      "imaging_quality": 0.7055697962895191,
      "temporal_style": 0.6989649771175493,
      "overall_consistency": 0.6989649771175493
    },
    "T2V": {
      "subject_consistency": 0.9661437267618647,
      "background_consistency": 0.9631954860301523,
      "temporal_flickering": 0.9475154833479513,
      "motion_smoothness": 0.9730613601810718,
      "dynamic_degree": 0.3227665706051873,
      "aesthetic_quality": 0.6077401226638717,
      "imaging_quality": 0.7291378285444382,
      "temporal_style": 0.723723853629571,
      "overall_consistency": 0.723723853629571
    },
    "I2V": {
      "subject_consistency": 0.9346049508289836,
      "background_consistency": 0.9360573438801782,
      "temporal_flickering": 0.9404111213050094,
      "motion_smoothness": 0.9729902054611559,
      "dynamic_degree": 0.521613832853026,
      "aesthetic_quality": 0.6011860076907045,
      "imaging_quality": 0.7058929881581204,
      "temporal_style": 0.6682501194653723,
      "overall_consistency": 0.6682501194653723
    }
  },
  "dimensions_union": [
    "aesthetic_quality",
    "background_consistency",
    "dynamic_degree",
    "imaging_quality",
    "motion_smoothness",
    "overall_consistency",
    "subject_consistency",
    "temporal_flickering",
    "temporal_style"
  ],
  "dimensions_intersection": [
    "aesthetic_quality",
    "background_consistency",
    "dynamic_degree",
    "imaging_quality",
    "motion_smoothness",
    "overall_consistency",
    "subject_consistency",
    "temporal_flickering",
    "temporal_style"
  ],
  "used_minmax": {
    "aesthetic_quality": {
      "min": 0.0,
      "max": 1.0
    },
    "background_consistency": {
      "min": 0.2615,
      "max": 1.0
    },
    "dynamic_degree": {
      "min": 0.0,
      "max": 1.0
    },
    "imaging_quality": {
      "min": 0.0,
      "max": 1.0
    },
    "motion_smoothness": {
      "min": 0.706,
      "max": 0.9975
    },
    "overall_consistency": {
      "min": 0.0,
      "max": 0.364
    },
    "subject_consistency": {
      "min": 0.1462,
      "max": 1.0
    },
    "temporal_flickering": {
      "min": 0.6293,
      "max": 1.0
    },
    "temporal_style": {
      "min": 0.0,
      "max": 0.364
    }
  },
  "normalization_source": "constants"
}